{
  "model_name": "ALS",
  "evaluation_date": "2025-12-05T15:34:29.408148",
  "total_users": 1371780,
  "evaluated_users": 5000,
  "metrics": {
    "k=5": {
      "precision@5": 0.0,
      "recall@5": 0.0,
      "ndcg@5": 0.0,
      "novelty@5": 12.160303433601424,
      "diversity@5": 1.0
    }
  }
}