{
  "model_name": "collaborative",
  "evaluation_date": "2025-12-09T08:43:15.002511",
  "total_users": 1371770,
  "evaluated_users": 1050707,
  "metrics": {
    "k=5": {
      "precision@k": 0.015003231157687157,
      "recall@k": 0.008495948738127273,
      "ndcg@k": 0.01622125622278398,
      "novelty@k": 2.6476982652313725,
      "diversity@k": 1.0
    }
  }
}