{
  "model_name": "PopularityBaseline",
  "evaluation_date": "2025-12-05T15:33:33.459632",
  "total_users": 1371780,
  "evaluated_users": 5000,
  "metrics": {
    "k=5": {
      "precision@5": 0.004760000000000001,
      "recall@5": 0.0021737755043930275,
      "ndcg@5": 0.004973841162087837,
      "novelty@5": 0.21684521564814654,
      "diversity@5": 1.0
    }
  }
}